index,disease_name,description,Possible Steps,image_url
0,Tomato : Bacterial Spot,"Bacterial spot of tomato is a potentially devastating disease that, in severe cases, can lead to unmarketable fruit and even plant death.  Bacterial spot can occur wherever tomatoes are grown, but is found most frequently in warm, wet climates, as well as in greenhouses.  The disease is often an issue in Wisconsin.Bacterial spot can affect all above ground parts of a tomato plant, including the leaves, stems, and fruit.  Bacterial spot appears on leaves as small (less than ? inch), sometimes water-soaked (i.e., wet-looking) circular areas.  Spots may initially be yellow-green, but darken to brownish-red as they age.  When the disease is severe, extensive leaf yellowing and leaf loss can also occur.  On green fruit, spots are typically small, raised and blister-like, and may have a yellowish halo.  As fruit mature, the spots enlarge (reaching a maximum size of ¼ inch) and turn brown, scabby and rough.  Mature spots may be raised, or sunken with raised edges.","Plant pathogen-free seed or transplants to prevent the introduction of bacterial spot pathogens on contaminated seed or seedlings.  If a clean seed source is not available or you suspect that your seed is contaminated, soak seeds in water at 122°F for 25 min. to kill the pathogens.  To keep leaves dry and to prevent the spread of the pathogens, avoid overhead watering (e.g., with a wand or sprinkler) of established plants and instead use a drip-tape or soaker-hose.  Also to prevent spread, DO NOT handle plants when they are wet (e.g., from dew) and routinely sterilize tools with either 10% bleach solution or (better) 70% alcohol (e.g., rubbing alcohol).  Where bacterial spot has been a recurring problem, consider using preventative applications of copper-based products registered for use on tomato, especially during warm, wet periods.  Keep in mind however, that if used excessively or for prolonged periods, copper may no longer control the disease.  Be sure to read and follow all label instructions of the product that you select to ensure that you use it in the safest and most effective manner possible.",https://www.growingproduce.com/wp-content/uploads/2019/08/bacterial_spot_tomato.jpg
1,Tomato : Early Blight,"Early blight is one of the most common tomato diseases, occurring nearly every season wherever tomatoes are grown.
It affects leaves, fruits and stems and can be severely yield limiting when susceptible cultivars are used and weather is favorable.
Severe defoliation can occur and result in sunscald on the fruit.
Early blight is common in both field and high tunnel tomato production in Minnesota.","Prune or stake plants to improve air circulation and reduce fungal problems.
Make sure to disinfect your pruning shears (one part bleach to 4 parts water) after each cut.
Keep the soil under plants clean and free of garden debris. Add a layer of organic compost to prevent the spores from splashing back up onto vegetation.
Drip irrigation and soaker hoses can be used to help keep the foliage dry.
For best control, apply copper-based fungicides early, two weeks before disease normally appears or when weather forecasts predict a long period of wet weather. Alternatively, begin treatment when disease first appears, and repeat every 7-10 days for as long as needed.
Containing copper and pyrethrins, Bonide® Garden Dust is a safe, one-step control for many insect attacks and fungal problems. For best results, cover both the tops and undersides of leaves with a thin uniform film or dust. Depending on foliage density, 10 oz will cover 625 sq ft. Repeat applications every 7-10 days, as needed.",https://extension.umn.edu/sites/extension.umn.edu/files/styles/large/public/early-blight-leaf-tomato.jpg?itok=woYQQlrF
2,Tomato : Leaf Mold,"Tomato leaf mold is a fungal disease that can develop when there are extended periods of leaf wetness and the relative humidity is high (greater than 85 percent). Due to this moisture requirement, the disease is seen primarily in hoophouses and greenhouses. Tomato leaf mold can develop during early spring temperatures (50.9 degrees Fahrenheit) or those characteristic of summer (90 F). The optimal temperature tomato leaf mold is in the low 70s.

Symptoms of disease include yellow spots on the upper leaf surface. Discrete masses of olive-green spores can be seen on the underside of the affected leaves.","When treating tomato plants with fungicide, be sure to cover all areas of the plant that are above the soil, especially the underside of leaves, where the disease often forms. Calcium chloride-based sprays are recommended for treating leaf mold issues. Organic fungicide options are also available.",https://www.gardeningknowhow.com/wp-content/uploads/2018/04/tomato-leaf-mold-400x300.jpg
3,Tomato : Septoria Leaf Spot,"Septoria leaf spot is caused by a fungus, Septoria lycopersici. It is one of the most destructive diseases of tomato foliage and is particularly severe in areas where wet, humid weather persists for extended periods.Septoria leaf spot usually appears on the lower leaves after the first fruit sets. Spots are circular, about 1/16 to 1/4 inch in diameter with dark brown margins and tan to gray centers with small black fruiting structures. Characteristically, there are many spots per leaf. This disease spreads upwards from oldest to youngest growth. If leaf lesions are numerous, the leaves turn slightly yellow, then brown, and then wither. Fruit infection is rare.","Remove diseased leaves. 
Improve air circulation around the plants.
Mulch around the base of the plants. Mulching will reduce splashing soil, which may contain fungal spores associated with debris. Apply mulch after the soil has warmed.
Do not use overhead watering. Overhead watering facilitates infection and spreads the disease. Use a soaker hose at the base of the plant to keep the foliage dry. Water early in the day.
Control weeds. Nightshade and horsenettle are frequently hosts of Septoria leaf spot and should be eradicated around the garden site.
Use crop rotation. Next year do not plant tomatoes back in the same location where diseased tomatoes grew. Wait 1–2 years before replanting tomatoes in these areas.
Use fungicidal sprays.",https://www.missouribotanicalgarden.org/portals/0/Gardening/Gardening%20Help/images/Pests/Septoria_Leaf_Spot_of_Tomato187.jpg
4,Tomato : Target Spot,"The disease starts on the older leaves and spreads upwards. The first signs are irregular-shaped spots (less than 1 mm) with a yellow margin . Some of the spots enlarge up to 10 mm and show characteristics rings, hence the name of ""target spot"" . Spread to all leaflets and to other leaves is rapid , causing the leaves to turn yellow, collapse and die . Spots also occur on the stems. They are long and thin. Small light brown spots with dark margins may also occur on the fruit.
The spores are spread by wind-blown rain, and if windy wet weather continues for a few days, spread is fast and plants lose their leaves quickly.","Cultural control is important. The following should be done:
Do not plant new crops next to older ones that have the disease.
Plant as far as possible from papaya, especially if leaves have small angular spots (Photo 5).
Check all seedlings in the nursery, and throw away any with leaf spots.
Remove a few branches from the lower part of the plants to allow better airflow at the base
Remove and burn the lower leaves as soon as the disease is seen, especially after the lower fruit trusses have been picked.
Keep plots free from weeds, as some may be hosts of the fungus.
Do not use overhead irrigation; otherwise, it will create conditions for spore production and infection.
Collect and burn as much of the crop as possible when the harvest is complete.
Practise crop rotation, leaving 3 years before replanting tomato on the same land.",https://barmac.com.au/wp-content/uploads/sites/3/2016/01/Target-Spot-Tomato1.jpg
5,Tomato : Yellow Leaf Curl Virus,"Tomato yellow leaf curl virus is a species in the genus Begomovirus and family Geminiviridae. Tomato yellow leaf curl virus (TYLCV) infection induces severe symptoms on tomato plants and causes serious yield losses worldwide. TYLCV is persistently transmitted by the sweetpotato whitefly, Bemisia tabaci (Gennadius). Cultivars and hybrids with a single or few genes conferring resistance against TYLCV are often planted to mitigate TYLCV-induced losses. These resistant genotypes (cultivars or hybrids) are not immune to TYLCV. They typically develop systemic infection, display mild symptoms, and produce more marketable tomatoes than susceptible genotypes under TYLCV pressure.In several pathosystems, extensive use of resistant cultivars with single dominant resistance-conferring gene has led to intense selection pressure on the virus, development of highly virulent strains, and resistance breakdown.",Use only virus-and whitefly-free tomato and pepper transplants. Transplants should be treated with Capture (bifenthrin) or Venom (dinotefuran) for whitefly adults and Oberon for eggs and nymphs. Imidacloprid or thiamethoxam should be used in transplant houses at least seven days before shipping. Imidacloprid should be sprayed on the entire plant and below the leaves; eggs and flies are often found below the leaves. Spray every 14-21 days and rotate on a monthly basis with Abamectin so that the whiteflies do not build-up resistance to chemicals.,https://gd.eppo.int/media/data/taxon/T/TYLCV0/pics/1024x0/10609.jpg
,,,,
,,,,
,,,,
,,,,
,,,,
,,,,
,,,,
,,,,
,,,,
