index,disease_name,description,Possible Steps
0,Aphids,"Aphids are small, soft-bodied insects with long slender mouthparts that they use to pierce stems, leaves, and other tender plant parts and suck out fluids. Almost every plant has one or more aphid species that occasionally feed on it.","Planting flowering onions, garlic, and chives throughout your garden can help discourage aphids. Don't over fertilize your plants. Aphids love to feed on plants with high nitrogen levels and soft, lush growth.Aphids especially hate the strong scent of marigolds and catnip, so they make great companion plants for valuable crops you're trying to protect."
1,Armyworm,"Armyworms are caterpillar pests of grass pastures and cereal crops. They are the only caterpillars that growers are likely to encounter in cereal crops, although occasionally native budworm will also attack grain when underlying weed hosts dry out.","Use pheromone traps to monitor the arrival of moths. When you first notice them, look for the distinctive white dot on their forewings and it’s time to start a closer inspection of your plants.After the season has advanced, natural horticultural oil sprays can be used on plants showing signs of worm infestations. Multi-purpose neem oil spray is effective on various stages of the larvae as well as mites."
2,Beetle,"Beetles are insects that form the order Coleoptera (/ko?li???pt?r?/), in the superorder Endopterygota. Their front pair of wings are hardened into wing-cases, elytra, distinguishing them from most other insects.beetles often feed on plants and fungi, break down animal and plant debris, and eat other invertebrates.","Crop rotation. Rotate to fields at least 200 yards from previous year’s fields. Barriers such as roads, rivers, woodlands, and fields with non-host crops are helpful.Healthy seed. Plant only healthy seed and practice good crop nutrition to help plants grow well and withstand feeding injury.Use mechanical barriers such as trench traps, trap crops, and straw mulch to delay and reduce infestation. Install plastic-lined trench traps next to overwintering sites at least one week before adults emerge."
3,Bollworm,"Bollworm is the common term for a moth larva that attacks the fruiting bodies of certain crops, especially cotton.","The use of transgenic cotton, Bollguard II, offers suppression of cotton bollworm. Keep water, fertilizer, and plant density at recommended levels to avoid rank growth.Trichogramma chilonis is an egg parasitoid and agent under biological control of lepidopteran insect pests. It is effective against bollworms."
4,Grasshopper,"Grasshoppers are plant-eaters, with a few species at times becoming serious pests of cereals, vegetables and pasture, especially when they swarm in the millions as locusts and destroy crops over wide areas. ","Dust your plants with flour: If grasshoppers are targeting plants in your garden, consider dusting the leaves and stems of those plants with all-purpose flour or kaolin clay, which will stick to the insects' mouthparts and render them unable to eat.Plant flowers, such as marigolds, calendula, sunflower, aster, alyssum, or dill to attract beneficial insects, like robber flies,will also help keep grasshoppers under control."
5,Mites,"Mites are small and insect-like but are closely related to spiders. Often, they are the size of a period following a sentence. They use piercing mouthparts to eat sap from plants or feed on blood. Mites do not hop or fly, but can crawl onto people or animals.","Hose off plants to cool and clean them. Hosing leaf undersides dislodge the mites. Reduce plant stress through proper watering and fertilizing practices – avoid excessive nitrogen fertilization, which increases mite populations. Horticultural oil and insecticidal soap are most effective on mite eggs."
6,Mosquito,"Mosquitoes are common, flying insects that live in most parts of the world. Over 3,500 types of mosquitoes can be found worldwide.","By planting plants like Lavender, Marigold,Citronella Grass,Catmint,Rosemary around the crops will help keep mosquitos away.The best thing you can do is prevent water from collecting and becoming stagnant; mosquitoes can lay hundreds of eggs even in a tiny spoonful of standing water."
7,Sawfly,"Sawflies go through a complete metamorphosis with four distinct life stages – egg, larva, pupa and adult. The female uses her ovipositor to drill into plant material (or, in the case of Orussoidea, other insects) and then lays eggs in groups called rafts or pods. After hatching, larvae feed on plants, often in groups.","1.Summer ploughing to destroy the pupa
2.Early sowing should be done
3.Maintain clean cultivation
4.Apply irrigation in seedling stage is very crucial for sawfly management because most of the larvae die due to drowning effect. Severe cold reduces pest load.
5.Collection and destruction of grubs of saw fly in morning and evening
6.Conserve Perilissus cingulator (parasitoids of the grubs), and the bacterium Serratia marcescens which infect the larvae of sawfly
7.Use of bitter gourd seed oil emulsion as on anti- feedant"
8,Stem Borer,"Stem borer (Chilo polychrysus) is a stem boring insect which is a serious pest of rice. It also infests maize, sugarcane and wheat. The stem borer caterpillars damage these crops by boring or tunnelling inside their plant stems.","1.Cultivate varieties that are resistant to this pest eg-TKM 6, IR 20, IR 36. 2.Plant early in the season to avoid the worst damage. 3.Before transplanting, cut the leaf-top to reduce carry-over of eggs. 4.Avoid planting seedlings too close to each other. 5.Monitor the seedbeds and fields regularly. 6.Handpick and destroy egg masses in seedbeds and during transplanting. 7.Use pheromone traps or mass traps from 15 days after transplanting (3/acre or 8/acre, respectively)."
