index,disease_name,description,Possible Steps,
0,Carpetweeds,"Carpet weed is a low-growing, creeping annual weed that is commonly found in lawns, gardens, and other areas with moist soil. Its scientific name is Mollugo verticillata, and it is also known by other common names such as green carpetweed, Indian chickweed, and whorled chickweed.

The plant has small, oval-shaped leaves that grow in a whorled pattern, with typically five to eight leaves per whorl. The leaves are smooth and succulent, and they grow to be about 1/2 to 1 inch long. The stems of the plant are thin and branched, and they spread out along the ground, forming dense mats or carpets.","Carpet weed, also known as Mollugo verticillata, is a common weed that can quickly spread and take over lawns and gardens. Here are some steps you can take to get rid of carpet weed:

Hand-pull the weed: If the infestation is not severe, you can pull the carpet weed by hand. Be sure to pull the entire root to prevent regrowth.

",
1,Morningglory,"Morning glory is a beautiful annual or perennial vine that is known for its attractive flowers and lush foliage. The scientific name of morning glory is Ipomoea spp. and it is a member of the Convolvulaceae family.

The plant has heart-shaped leaves that are typically about 3-4 inches long, and it produces showy, trumpet-shaped flowers that are 2-4 inches across. Morning glory flowers come in a variety of colors, including shades of blue, purple, pink, white, and red. The flowers typically open in the morning and close in the afternoon or evening, hence the name ""morning glory.""","Hand-pull the weed: If the infestation is not severe, you can pull the morning glory by hand. Be sure to pull the entire root to prevent regrowth. This may need to be done several times as new shoots may emerge.

Cut back the vines: Cut back the vines as much as possible to prevent further spreading. This may require using pruners or a hedge trimmer to cut the vines back to the ground.

Use herbicides: Herbicides can be an effective way to remove morning glory. Glyphosate-based herbicides are particularly effective. Carefully read the label and follow the instructions. Keep in mind that glyphosate can also harm other plants, so use it carefully.
",
2,Nutsedge,"Nutsedge, also known as nutgrass, is a perennial weed that is commonly found in lawns, gardens, and other areas with moist soil. The scientific name of nutsedge is Cyperus spp., and there are several species of this weed that are found throughout the world.

Nutsedge has distinctive grass-like leaves that are long and narrow, with a prominent midrib that gives them a triangular shape. The leaves are arranged in a basal rosette, and the plant produces tall, upright stems that can grow up to 3 feet tall. The stems are topped with small, brownish flowers that are arranged in spikelets.","Cultural practices - nutsedge thrives in wet, poorly-drained soils, so improving drainage and reducing soil moisture can help control it. Adding organic matter to the soil, such as compost or mulch, can help improve soil structure and drainage.

Hand pulling - nutsedge can be pulled by hand, but care should be taken to remove the entire plant, including the underground tubers and rhizomes. This can be a time-consuming process and may not be effective for larger infestations.",
3,PalmerAmaranth,"Palmer amaranth, also known as Palmer pigweed, is an aggressive annual weed that is native to the southwestern United States. Its scientific name is Amaranthus palmeri, and it belongs to the amaranth family.

Palmer amaranth can grow up to 10 feet tall, with thick stems that are covered in small spines. The leaves are large and oval-shaped, with a prominent mid-vein and a slightly rough texture. The leaves are arranged alternately along the stem, and they can grow up to 8 inches long","Cultural practices - Palmer amaranth thrives in disturbed areas and is often found in agricultural fields, so reducing soil disturbance and minimizing the use of tillage can help control it. Crop rotation, cover crops, and intercropping can also be effective.

Hand pulling - Palmer amaranth can be pulled by hand, but care should be taken to remove the entire plant, including the roots. This can be a time-consuming process and may not be effective for larger infestations.

Mowing - regular mowing can help prevent Palmer amaranth from flowering and producing seeds. Mowing can also weaken the plant and reduce its ability to compete with other plants.",
4,Purslane,"Purslane (Portulaca oleracea) is a succulent annual plant that is widely distributed throughout the world. It is commonly found in gardens, fields, and waste areas, and is known for its edible and medicinal properties.

Purslane plants typically grow low to the ground, forming mats that can reach up to 30 cm in diameter. The leaves are fleshy and spoon-shaped, with a shiny, dark green color and a slightly sour taste. The stems are thick and reddish in color, and can spread out up to 40 cm from the central plant.
","Cultural practices - purslane thrives in hot, dry conditions and can tolerate poor soil. Improving soil fertility and moisture levels can help control it. Adding organic matter to the soil, such as compost or mulch, can also help improve soil structure and fertility.

Hand pulling - purslane can be pulled by hand, but care should be taken to remove the entire plant, including the roots. This can be effective for small infestations.

Mowing - regular mowing can help prevent purslane from flowering and producing seeds. Mowing can also weaken the plant and reduce its ability to compete with other plants.",
5,Waterhemp,"Waterhemp (Amaranthus tuberculatus) is an annual broadleaf weed that belongs to the amaranth family. It is native to North America and is commonly found in agricultural fields, gardens, and along roadsides.

Waterhemp plants can grow up to 3 meters tall and have smooth, hairless stems that are green or red in color. The leaves are alternate, oval-shaped, and can range in size from 1-10 cm long. They have a glossy green color and a smooth texture.
","Identify the waterhemp: It's important to correctly identify the weed species you are dealing with to choose the most effective control methods.

Cultural control: Waterhemp can be controlled by using cultural practices such as crop rotation, maintaining a healthy soil, and timely planting to reduce weed pressure.

Hand pulling: Hand pulling is an effective way to remove waterhemp, especially for small infestations. Be sure to remove the entire root system to prevent regrowth.

Herbicides: Herbicides can be effective for controlling waterhemp. It's essential to choose the right herbicide and apply it at the right time. Some herbicides can be used before planting, while others can be used post-emergence.
",
,,,,
,,,,
,,,,
,,,,
,,,,
,,,,
,,,,
,,,,
,,,,
,,,,
,,,,
,,,,
,,,,
,,,,
,,,,
,,,,
,,,,
